insert into Checkin_department (id, name) values (1, 'Business Development');
insert into Checkin_department (id, name) values (2, 'Research and Development');
insert into Checkin_department (id, name) values (3, 'Business Development');
insert into Checkin_department (id, name) values (4, 'Human Resources');
insert into Checkin_department (id, name) values (5, 'Engineering');
insert into Checkin_department (id, name) values (6, 'Engineering');
insert into Checkin_department (id, name) values (7, 'Product Management');
insert into Checkin_department (id, name) values (8, 'Engineering');
insert into Checkin_department (id, name) values (9, 'Business Development');
insert into Checkin_department (id, name) values (10, 'Research and Development');
insert into Checkin_department (id, name) values (11, 'Marketing');
insert into Checkin_department (id, name) values (12, 'Human Resources');
insert into Checkin_department (id, name) values (13, 'Marketing');
insert into Checkin_department (id, name) values (14, 'Product Management');
insert into Checkin_department (id, name) values (15, 'Legal');
insert into Checkin_department (id, name) values (16, 'Training');
insert into Checkin_department (id, name) values (17, 'Marketing');
insert into Checkin_department (id, name) values (18, 'Training');
insert into Checkin_department (id, name) values (19, 'Training');
insert into Checkin_department (id, name) values (20, 'Legal');

insert into Checkin_classsh (id, name, year, location, department_id) values (1, 'UBOH', 2001, 'F101', 6);
insert into Checkin_classsh (id, name, year, location, department_id) values (2, 'WRE', 1988, 'F102', 6);
insert into Checkin_classsh (id, name, year, location, department_id) values (3, 'MRCY', 1996, 'F103', 9);
insert into Checkin_classsh (id, name, year, location, department_id) values (4, 'MSGN', 1995, 'F104', 9);

insert into Checkin_student (CCCD, email, last_name, first_name, sex, birthday, active_status, classSH_id) values (682400856454, 'jraddenbury0@sbwire.com', 'Raddenbury', 'Joaquin', 2, '1990-06-29 20:11:00', 1, 3);
insert into Checkin_student (CCCD, email, last_name, first_name, sex, birthday, active_status, classSH_id) values (811298185991, 'ltuxsell1@twitter.com', 'Tuxsell', 'Loleta', 9, '1997-12-15 14:40:35', 1, 4);
insert into Checkin_student (CCCD, email, last_name, first_name, sex, birthday, active_status, classSH_id) values (453422820334, 'mmarion2@bbc.co.uk', 'Marion', 'Meridith', 2, '1997-09-07 19:13:09', 1, 1);
insert into Checkin_student (CCCD, email, last_name, first_name, sex, birthday, active_status, classSH_id) values (474000431044, 'hjacobsz3@digg.com', 'Jacobsz', 'Hilde', 9, '2000-01-30 07:07:38', 1, 1);
insert into Checkin_student (CCCD, email, last_name, first_name, sex, birthday, active_status, classSH_id) values (667752773307, 'karmell4@unblog.fr', 'Armell', 'Kass', 9, '2001-05-28 15:45:13', 1, 1);
insert into Checkin_student (CCCD, email, last_name, first_name, sex, birthday, active_status, classSH_id) values (446442377646, 'npoytress5@spotify.com', 'Poytress', 'Nolie', 1, '1998-10-11 17:40:04', 1, 1);
insert into Checkin_student (CCCD, email, last_name, first_name, sex, birthday, active_status, classSH_id) values (811442669578, 'ncrippell6@bandcamp.com', 'Crippell', 'Nat', 2, '1990-05-03 19:40:28', 1, 3);
insert into Checkin_student (CCCD, email, last_name, first_name, sex, birthday, active_status, classSH_id) values (999674041250, 'ccurrall7@livejournal.com', 'Currall', 'Clyde', 9, '1998-01-24 02:28:06', 1, 3);
insert into Checkin_student (CCCD, email, last_name, first_name, sex, birthday, active_status, classSH_id) values (525682987289, 'sjeacock8@alexa.com', 'Jeacock', 'Sarajane', 1, '1992-12-10 09:18:22', 1, 3);
insert into Checkin_student (CCCD, email, last_name, first_name, sex, birthday, active_status, classSH_id) values (225956874200, 'wgoing9@go.com', 'Going', 'Woodrow', 2, '1999-10-09 18:15:02', 1, 3);
insert into Checkin_student (CCCD, email, last_name, first_name, sex, birthday, active_status, classSH_id) values (158047118382, 'ewermerlinga@newyorker.com', 'Wermerling', 'Eugenio', 9, '2003-07-08 04:33:59', 1, 3);
insert into Checkin_student (CCCD, email, last_name, first_name, sex, birthday, active_status, classSH_id) values (312014556230, 'fgotobedb@amazon.com', 'Gotobed', 'Fraze', 2, '1998-06-09 19:30:35', 1, 2);
insert into Checkin_student (CCCD, email, last_name, first_name, sex, birthday, active_status, classSH_id) values (827178576324, 'rjayec@comsenz.com', 'Jaye', 'Risa', 9, '1994-11-23 21:01:28', 1, 2);
insert into Checkin_student (CCCD, email, last_name, first_name, sex, birthday, active_status, classSH_id) values (136304624636, 'nseefeldtd@kickstarter.com', 'Seefeldt', 'Normand', 2, '1991-12-28 02:38:16', 1, 3);
insert into Checkin_student (CCCD, email, last_name, first_name, sex, birthday, active_status, classSH_id) values (838644364890, 'jjolle@woothemes.com', 'Joll', 'Jodi', 2, '1991-08-21 06:20:53', 1, 1);
insert into Checkin_student (CCCD, email, last_name, first_name, sex, birthday, active_status, classSH_id) values (30237383083, 'sdeetloff@hostgator.com', 'Deetlof', 'Shaughn', 9, '1996-03-21 09:19:08', 1, 1);
insert into Checkin_student (CCCD, email, last_name, first_name, sex, birthday, active_status, classSH_id) values (732048119807, 'lblandamoreg@jiathis.com', 'Blandamore', 'Lucine', 9, '2000-03-24 19:52:39', 1, 1);
insert into Checkin_student (CCCD, email, last_name, first_name, sex, birthday, active_status, classSH_id) values (698946198966, 'tdawberyh@infoseek.co.jp', 'Dawbery', 'Tyne', 2, '1996-09-24 15:30:29', 1, 2);
insert into Checkin_student (CCCD, email, last_name, first_name, sex, birthday, active_status, classSH_id) values (740695682651, 'nanandi@seattletimes.com', 'Anand', 'Nonah', 1, '2001-03-25 21:27:33', 1, 2);
insert into Checkin_student (CCCD, email, last_name, first_name, sex, birthday, active_status, classSH_id) values (770048549858, 'fgaynesj@opera.com', 'Gaynes', 'Flora', 9, '1992-03-22 19:50:42', 1, 1);
insert into Checkin_student (CCCD, email, last_name, first_name, sex, birthday, active_status, classSH_id) values (473115859939, 'jsandelsk@bing.com', 'Sandels', 'Jarid', 1, '1996-01-28 02:03:21', 1, 2);
insert into Checkin_student (CCCD, email, last_name, first_name, sex, birthday, active_status, classSH_id) values (307739404380, 'hbauldl@mlb.com', 'Bauld', 'Hillary', 1, '2003-10-08 16:58:50', 1, 3);
insert into Checkin_student (CCCD, email, last_name, first_name, sex, birthday, active_status, classSH_id) values (324187886279, 'lswalowem@archive.org', 'Swalowe', 'Lorie', 1, '1996-05-13 08:53:02', 1, 2);
insert into Checkin_student (CCCD, email, last_name, first_name, sex, birthday, active_status, classSH_id) values (571972978902, 'mstrafenn@instagram.com', 'Strafen', 'Michaeline', 9, '1994-06-27 18:24:03', 1, 4);
insert into Checkin_student (CCCD, email, last_name, first_name, sex, birthday, active_status, classSH_id) values (445611140584, 'sthistletono@un.org', 'Thistleton', 'Sutherland', 1, '2001-12-02 01:02:56', 1, 2);
insert into Checkin_student (CCCD, email, last_name, first_name, sex, birthday, active_status, classSH_id) values (676511182514, 'mzebedeep@prlog.org', 'Zebedee', 'Marena', 2, '1990-04-23 07:49:26', 1, 1);
insert into Checkin_student (CCCD, email, last_name, first_name, sex, birthday, active_status, classSH_id) values (144282827631, 'bisaksenq@sciencedirect.com', 'Isaksen', 'Beckie', 2, '1997-07-02 05:58:21', 1, 3);
insert into Checkin_student (CCCD, email, last_name, first_name, sex, birthday, active_status, classSH_id) values (584371869457, 'bcrowhurstr@newsvine.com', 'Crowhurst', 'Batsheva', 9, '1997-12-06 18:39:35', 1, 1);
insert into Checkin_student (CCCD, email, last_name, first_name, sex, birthday, active_status, classSH_id) values (470973774697, 'mgriffens@i2i.jp', 'Griffen', 'Melina', 2, '1996-07-09 23:14:30', 1, 2);
insert into Checkin_student (CCCD, email, last_name, first_name, sex, birthday, active_status, classSH_id) values (6395447038, 'scoverlynt@illinois.edu', 'Coverlyn', 'Sandra', 9, '2001-05-17 08:02:15', 1, 2);
insert into Checkin_student (CCCD, email, last_name, first_name, sex, birthday, active_status, classSH_id) values (899268927415, 'bbrugmannu@geocities.jp', 'Brugmann', 'Benedetta', 9, '2002-06-26 20:41:01', 1, 2);
insert into Checkin_student (CCCD, email, last_name, first_name, sex, birthday, active_status, classSH_id) values (264040738182, 'ehearndenv@reuters.com', 'Hearnden', 'Emlynne', 2, '1994-08-30 01:53:44', 1, 3);
insert into Checkin_student (CCCD, email, last_name, first_name, sex, birthday, active_status, classSH_id) values (47549760880, 'ymatushevichw@fda.gov', 'Matushevich', 'York', 1, '1992-09-27 01:58:17', 1, 1);
insert into Checkin_student (CCCD, email, last_name, first_name, sex, birthday, active_status, classSH_id) values (1332566121, 'rtantonx@seesaa.net', 'Tanton', 'Ruthe', 1, '2001-06-26 20:38:35', 1, 2);
insert into Checkin_student (CCCD, email, last_name, first_name, sex, birthday, active_status, classSH_id) values (174079080895, 'bibley@noaa.gov', 'Ible', 'Bay', 9, '2003-01-28 20:06:08', 1, 4);
insert into Checkin_student (CCCD, email, last_name, first_name, sex, birthday, active_status, classSH_id) values (655188672583, 'wcrosserz@spiegel.de', 'Crosser', 'Weber', 2, '2001-01-05 11:50:25', 1, 1);
insert into Checkin_student (CCCD, email, last_name, first_name, sex, birthday, active_status, classSH_id) values (871115399010, 'jclissold10@usda.gov', 'Clissold', 'Janeta', 2, '2000-07-14 20:31:03', 1, 4);
insert into Checkin_student (CCCD, email, last_name, first_name, sex, birthday, active_status, classSH_id) values (20341627671, 'jstoyle11@harvard.edu', 'Stoyle', 'Jarrod', 9, '1997-04-26 13:30:48', 1, 2);
insert into Checkin_student (CCCD, email, last_name, first_name, sex, birthday, active_status, classSH_id) values (544199140063, 'ebrightey12@tmall.com', 'Brightey', 'Early', 2, '1996-01-12 09:44:30', 1, 3);
insert into Checkin_student (CCCD, email, last_name, first_name, sex, birthday, active_status, classSH_id) values (451205522225, 'gblasetti13@cnn.com', 'Blasetti', 'Gweneth', 2, '1992-04-13 11:08:35', 1, 4);
insert into Checkin_student (CCCD, email, last_name, first_name, sex, birthday, active_status, classSH_id) values (409617031856, 'bhincham14@reddit.com', 'Hincham', 'Benito', 1, '1996-01-13 05:23:13', 1, 3);
insert into Checkin_student (CCCD, email, last_name, first_name, sex, birthday, active_status, classSH_id) values (246498356360, 'cleavesley15@webmd.com', 'Leavesley', 'Ciel', 2, '2003-05-22 23:49:55', 1, 1);
insert into Checkin_student (CCCD, email, last_name, first_name, sex, birthday, active_status, classSH_id) values (107379862210, 'ddeclercq16@seesaa.net', 'de Clercq', 'Dyane', 2, '1993-02-04 20:18:07', 1, 2);
insert into Checkin_student (CCCD, email, last_name, first_name, sex, birthday, active_status, classSH_id) values (117117749867, 'gweildish17@devhub.com', 'Weildish', 'Griffie', 9, '2003-08-14 22:15:44', 1, 2);
insert into Checkin_student (CCCD, email, last_name, first_name, sex, birthday, active_status, classSH_id) values (108544061056, 'okuhn18@cafepress.com', 'Kuhn', 'Othella', 1, '1998-03-20 19:23:01', 1, 1);
insert into Checkin_student (CCCD, email, last_name, first_name, sex, birthday, active_status, classSH_id) values (827037848573, 'lpinnigar19@myspace.com', 'Pinnigar', 'Lammond', 2, '1993-11-20 23:57:26', 1, 4);
insert into Checkin_student (CCCD, email, last_name, first_name, sex, birthday, active_status, classSH_id) values (647369722862, 'esends1a@plala.or.jp', 'Sends', 'Ellsworth', 2, '2002-08-01 07:42:32', 1, 1);
insert into Checkin_student (CCCD, email, last_name, first_name, sex, birthday, active_status, classSH_id) values (296673533785, 'mmedcalf1b@blogger.com', 'Medcalf', 'Marjorie', 9, '1994-02-25 18:27:32', 1, 1);
insert into Checkin_student (CCCD, email, last_name, first_name, sex, birthday, active_status, classSH_id) values (628347885967, 'mbottby1c@ifeng.com', 'Bottby', 'Mycah', 9, '2000-02-27 00:19:28', 1, 2);
insert into Checkin_student (CCCD, email, last_name, first_name, sex, birthday, active_status, classSH_id) values (656948797954, 'rswitland1d@trellian.com', 'Switland', 'Raoul', 1, '1992-12-05 10:38:45', 1, 2);
insert into Checkin_student (CCCD, email, last_name, first_name, sex, birthday, active_status, classSH_id) values (729882049782, 'blintall1e@privacy.gov.au', 'Lintall', 'Berkeley', 1, '2001-05-14 09:38:02', 1, 2);
insert into Checkin_student (CCCD, email, last_name, first_name, sex, birthday, active_status, classSH_id) values (659827267812, 'gickovicz1f@ibm.com', 'Ickovicz', 'Godard', 1, '2003-01-10 15:42:06', 1, 3);
insert into Checkin_student (CCCD, email, last_name, first_name, sex, birthday, active_status, classSH_id) values (671593623519, 'arobilliard1g@yellowbook.com', 'Robilliard', 'Adora', 1, '2000-03-05 19:12:08', 1, 4);
insert into Checkin_student (CCCD, email, last_name, first_name, sex, birthday, active_status, classSH_id) values (532414198345, 'sblomfield1h@berkeley.edu', 'Blomfield', 'Stormi', 9, '2002-11-14 18:38:29', 1, 4);
insert into Checkin_student (CCCD, email, last_name, first_name, sex, birthday, active_status, classSH_id) values (226855224490, 'eancliff1i@bing.com', 'Ancliff', 'Ediva', 1, '1990-07-20 12:27:23', 1, 3);
insert into Checkin_student (CCCD, email, last_name, first_name, sex, birthday, active_status, classSH_id) values (256560823181, 'jpatrie1j@skype.com', 'Patrie', 'Jeremy', 9, '2000-04-07 13:12:31', 1, 3);
insert into Checkin_student (CCCD, email, last_name, first_name, sex, birthday, active_status, classSH_id) values (213385911761, 'emcilvenna1k@hud.gov', 'McIlvenna', 'Emelina', 1, '2002-12-11 17:43:52', 1, 4);
insert into Checkin_student (CCCD, email, last_name, first_name, sex, birthday, active_status, classSH_id) values (619824921247, 'zhurtic1l@newsvine.com', 'Hurtic', 'Zared', 9, '1999-11-06 01:39:18', 1, 2);
insert into Checkin_student (CCCD, email, last_name, first_name, sex, birthday, active_status, classSH_id) values (230747277900, 'svolcker1m@google.fr', 'Volcker', 'Shelia', 1, '1990-09-10 02:55:52', 1, 4);
insert into Checkin_student (CCCD, email, last_name, first_name, sex, birthday, active_status, classSH_id) values (730961608465, 'ldummett1n@histats.com', 'Dummett', 'Lon', 9, '1999-02-27 14:06:16', 1, 2);
insert into Checkin_student (CCCD, email, last_name, first_name, sex, birthday, active_status, classSH_id) values (726057458310, 'rblemen1o@networkadvertising.org', 'Blemen', 'Rodie', 2, '2002-04-11 20:39:38', 1, 4);
insert into Checkin_student (CCCD, email, last_name, first_name, sex, birthday, active_status, classSH_id) values (585668003584, 'bheynen1p@sphinn.com', 'Heynen', 'Brigit', 2, '1998-06-09 07:46:22', 1, 4);
insert into Checkin_student (CCCD, email, last_name, first_name, sex, birthday, active_status, classSH_id) values (5941244755, 'wfrancie1q@techcrunch.com', 'Francie', 'Wendel', 2, '2003-11-10 16:47:55', 1, 1);
insert into Checkin_student (CCCD, email, last_name, first_name, sex, birthday, active_status, classSH_id) values (390113971855, 'dgiorgi1r@blogs.com', 'Giorgi', 'Deloria', 9, '1992-02-03 06:17:39', 1, 2);
insert into Checkin_student (CCCD, email, last_name, first_name, sex, birthday, active_status, classSH_id) values (74857786587, 'jfeirn1s@yellowbook.com', 'Feirn', 'Jerrie', 9, '1999-02-25 20:23:41', 1, 3);
insert into Checkin_student (CCCD, email, last_name, first_name, sex, birthday, active_status, classSH_id) values (794848545788, 'sgabbidon1t@sohu.com', 'Gabbidon', 'Sybilla', 1, '2001-11-25 02:27:21', 1, 4);
insert into Checkin_student (CCCD, email, last_name, first_name, sex, birthday, active_status, classSH_id) values (666492332433, 'mpyrah1u@pagesperso-orange.fr', 'Pyrah', 'Mareah', 2, '1992-08-29 03:00:04', 1, 2);
insert into Checkin_student (CCCD, email, last_name, first_name, sex, birthday, active_status, classSH_id) values (953253652536, 'pbraams1v@posterous.com', 'Braams', 'Pippa', 1, '1999-05-27 16:09:43', 1, 3);
insert into Checkin_student (CCCD, email, last_name, first_name, sex, birthday, active_status, classSH_id) values (814056495305, 'mbradnick1w@irs.gov', 'Bradnick', 'Marge', 1, '1992-10-02 22:21:04', 1, 4);
insert into Checkin_student (CCCD, email, last_name, first_name, sex, birthday, active_status, classSH_id) values (234073727621, 'rredler1x@cbc.ca', 'Redler', 'Rickard', 2, '1995-07-31 13:50:30', 1, 1);
insert into Checkin_student (CCCD, email, last_name, first_name, sex, birthday, active_status, classSH_id) values (497331288274, 'gkay1y@hibu.com', 'Kay', 'Godiva', 9, '1994-11-10 11:56:18', 1, 2);
insert into Checkin_student (CCCD, email, last_name, first_name, sex, birthday, active_status, classSH_id) values (961419324559, 'lstanistrete1z@weebly.com', 'Stanistrete', 'Lucia', 2, '1994-09-11 15:36:28', 1, 2);
insert into Checkin_student (CCCD, email, last_name, first_name, sex, birthday, active_status, classSH_id) values (619301315734, 'vmactrustey20@phoca.cz', 'MacTrustey', 'Vally', 9, '1999-10-10 21:31:01', 1, 1);
insert into Checkin_student (CCCD, email, last_name, first_name, sex, birthday, active_status, classSH_id) values (10502560613, 'cbondesen21@dell.com', 'Bondesen', 'Clemmy', 2, '1994-06-18 05:52:22', 1, 4);
insert into Checkin_student (CCCD, email, last_name, first_name, sex, birthday, active_status, classSH_id) values (991355920762, 'hcoarser22@istockphoto.com', 'Coarser', 'Hillier', 2, '1995-02-15 06:27:15', 1, 1);
insert into Checkin_student (CCCD, email, last_name, first_name, sex, birthday, active_status, classSH_id) values (127437239932, 'lborton23@webs.com', 'Borton', 'Lesli', 9, '1996-05-15 00:43:24', 1, 1);
insert into Checkin_student (CCCD, email, last_name, first_name, sex, birthday, active_status, classSH_id) values (53844859663, 'gwilkes24@gizmodo.com', 'Wilkes', 'Gerianna', 1, '2002-10-17 11:24:58', 1, 4);
insert into Checkin_student (CCCD, email, last_name, first_name, sex, birthday, active_status, classSH_id) values (851047603448, 'rchambers25@apache.org', 'Chambers', 'Robinson', 2, '2003-05-12 17:24:19', 1, 2);
insert into Checkin_student (CCCD, email, last_name, first_name, sex, birthday, active_status, classSH_id) values (943885672951, 'fwaterman26@techcrunch.com', 'Waterman', 'Flori', 9, '1992-11-28 01:18:51', 1, 1);
insert into Checkin_student (CCCD, email, last_name, first_name, sex, birthday, active_status, classSH_id) values (752325106401, 'maburrow27@cbc.ca', 'Aburrow', 'Michael', 9, '1990-07-02 12:13:10', 1, 1);
insert into Checkin_student (CCCD, email, last_name, first_name, sex, birthday, active_status, classSH_id) values (182122995121, 'jmcneil28@linkedin.com', 'McNeil', 'Jamie', 9, '2003-08-05 01:10:46', 1, 4);
insert into Checkin_student (CCCD, email, last_name, first_name, sex, birthday, active_status, classSH_id) values (148787880781, 'asyddall29@histats.com', 'Syddall', 'Abby', 9, '1990-05-07 04:26:13', 1, 3);
insert into Checkin_student (CCCD, email, last_name, first_name, sex, birthday, active_status, classSH_id) values (203007266193, 'tschultes2a@i2i.jp', 'Schultes', 'Taffy', 2, '2000-09-09 05:26:05', 1, 1);
insert into Checkin_student (CCCD, email, last_name, first_name, sex, birthday, active_status, classSH_id) values (815334156584, 'lbeggio2b@infoseek.co.jp', 'Beggio', 'Lavena', 1, '1994-09-27 13:15:40', 1, 3);
insert into Checkin_student (CCCD, email, last_name, first_name, sex, birthday, active_status, classSH_id) values (56399995058, 'anuccii2c@etsy.com', 'Nuccii', 'Aubry', 1, '1997-10-30 12:10:32', 1, 1);
insert into Checkin_student (CCCD, email, last_name, first_name, sex, birthday, active_status, classSH_id) values (49258968448, 'tsigars2d@nih.gov', 'Sigars', 'Timmie', 2, '1994-09-20 20:28:19', 1, 3);
insert into Checkin_student (CCCD, email, last_name, first_name, sex, birthday, active_status, classSH_id) values (863955526783, 'rhaylock2e@shop-pro.jp', 'Haylock', 'Rafaelia', 9, '1993-06-14 07:16:15', 1, 3);
insert into Checkin_student (CCCD, email, last_name, first_name, sex, birthday, active_status, classSH_id) values (792435544939, 'slanger2f@irs.gov', 'Langer', 'Sheila', 1, '2001-02-20 03:16:22', 1, 3);
insert into Checkin_student (CCCD, email, last_name, first_name, sex, birthday, active_status, classSH_id) values (439719460102, 'rabbot2g@google.com.hk', 'Abbot', 'Rex', 2, '1997-05-19 22:49:24', 1, 2);
insert into Checkin_student (CCCD, email, last_name, first_name, sex, birthday, active_status, classSH_id) values (897521323833, 'rgove2h@springer.com', 'Gove', 'Rosita', 9, '2000-10-22 01:07:35', 1, 1);
insert into Checkin_student (CCCD, email, last_name, first_name, sex, birthday, active_status, classSH_id) values (103889710387, 'mfawkes2i@wufoo.com', 'Fawkes', 'Marie-ann', 1, '1998-06-11 12:43:01', 1, 1);
insert into Checkin_student (CCCD, email, last_name, first_name, sex, birthday, active_status, classSH_id) values (408310407505, 'thuws2j@is.gd', 'Huws', 'Theresa', 9, '2001-04-14 12:38:24', 1, 4);
insert into Checkin_student (CCCD, email, last_name, first_name, sex, birthday, active_status, classSH_id) values (498154786116, 'msaw2k@printfriendly.com', 'Saw', 'Meier', 1, '1991-06-24 10:04:01', 1, 3);
insert into Checkin_student (CCCD, email, last_name, first_name, sex, birthday, active_status, classSH_id) values (81028918469, 'bsemark2l@ca.gov', 'Semark', 'Bert', 2, '1994-04-23 03:56:02', 0, 3);
insert into Checkin_student (CCCD, email, last_name, first_name, sex, birthday, active_status, classSH_id) values (347956542934, 'jberi2m@loc.gov', 'Beri', 'Jenn', 2, '1992-08-25 19:26:58', 0, 1);
insert into Checkin_student (CCCD, email, last_name, first_name, sex, birthday, active_status, classSH_id) values (60463198852, 'kridolfi2n@spotify.com', 'Ridolfi', 'Kathi', 9, '1991-02-08 17:16:14', 0, 1);
insert into Checkin_student (CCCD, email, last_name, first_name, sex, birthday, active_status, classSH_id) values (977405602880, 'naizikov2o@zimbio.com', 'Aizikov', 'Nannie', 2, '2000-02-23 21:42:24', 0, 2);
insert into Checkin_student (CCCD, email, last_name, first_name, sex, birthday, active_status, classSH_id) values (3649724233, 'dtipens2p@studiopress.com', 'Tipens', 'Dara', 2, '2001-12-09 21:05:37', 0, 2);
insert into Checkin_student (CCCD, email, last_name, first_name, sex, birthday, active_status, classSH_id) values (876112244906, 'mcicchinelli2q@illinois.edu', 'Cicchinelli', 'Marjory', 9, '1995-08-08 09:51:14', 0, 1);
insert into Checkin_student (CCCD, email, last_name, first_name, sex, birthday, active_status, classSH_id) values (224763500284, 'woldrey2r@about.me', 'Oldrey', 'Wit', 2, '2000-01-13 06:39:08', 0, 3);

insert into Checkin_log (date, time, mask, camera_id, student_id) values ('2021-12-09', '7:24:16', 1, 1, 117117749867);
insert into Checkin_log (date, time, mask, camera_id, student_id) values ('2021-06-17', '12:48:11', 0, 1, 811298185991);
insert into Checkin_log (date, time, mask, camera_id, student_id) values ('2021-11-24', '20:23:03', 0, 2, 667752773307);
insert into Checkin_log (date, time, mask, camera_id, student_id) values ('2021-01-21', '9:27:49', 0, 2, 1332566121);
insert into Checkin_log (date, time, mask, camera_id, student_id) values ('2021-07-28', '14:07:26', 1, 1, 117117749867);
insert into Checkin_log (date, time, mask, camera_id, student_id) values ('2021-11-03', '6:43:06', 1, 1, 619301315734);
insert into Checkin_log (date, time, mask, camera_id, student_id) values ('2021-11-21', '22:12:28', 0, 1, 445611140584);
insert into Checkin_log (date, time, mask, camera_id, student_id) values ('2021-09-18', '23:42:11', 0, 1, 445611140584);
insert into Checkin_log (date, time, mask, camera_id, student_id) values ('2021-11-21', '1:46:49', 0, 1, 1332566121);
insert into Checkin_log (date, time, mask, camera_id, student_id) values ('2021-04-19', '8:52:47', 0, 2, 977405602880);
insert into Checkin_log (date, time, mask, camera_id, student_id) values ('2021-06-06', '14:28:22', 0, 2, 347956542934);
insert into Checkin_log (date, time, mask, camera_id, student_id) values ('2021-03-16', '8:50:25', 1, 1, 474000431044);
insert into Checkin_log (date, time, mask, camera_id, student_id) values ('2021-02-07', '12:05:39', 1, 2, 117117749867);
insert into Checkin_log (date, time, mask, camera_id, student_id) values ('2021-08-28', '9:01:33', 0, 1, 619301315734);
insert into Checkin_log (date, time, mask, camera_id, student_id) values ('2021-12-07', '3:29:23', 0, 2, 977405602880);
insert into Checkin_log (date, time, mask, camera_id, student_id) values ('2021-06-16', '9:04:42', 0, 1, 347956542934);
insert into Checkin_log (date, time, mask, camera_id, student_id) values ('2021-10-24', '13:24:51', 0, 1, 347956542934);
insert into Checkin_log (date, time, mask, camera_id, student_id) values ('2021-12-11', '13:07:12', 0, 1, 682400856454);
insert into Checkin_log (date, time, mask, camera_id, student_id) values ('2021-10-05', '18:21:53', 1, 2, 117117749867);
insert into Checkin_log (date, time, mask, camera_id, student_id) values ('2021-11-07', '14:22:18', 0, 1, 999674041250);
insert into Checkin_log (date, time, mask, camera_id, student_id) values ('2021-03-31', '16:11:20', 0, 1, 977405602880);
insert into Checkin_log (date, time, mask, camera_id, student_id) values ('2021-10-16', '22:21:53', 0, 2, 619301315734);
insert into Checkin_log (date, time, mask, camera_id, student_id) values ('2021-05-14', '9:34:38', 1, 2, 1332566121);
insert into Checkin_log (date, time, mask, camera_id, student_id) values ('2021-10-31', '6:19:23', 1, 2, 619301315734);
insert into Checkin_log (date, time, mask, camera_id, student_id) values ('2021-03-31', '16:10:41', 1, 2, 619301315734);
insert into Checkin_log (date, time, mask, camera_id, student_id) values ('2021-06-01', '4:57:53', 0, 2, 445611140584);
insert into Checkin_log (date, time, mask, camera_id, student_id) values ('2021-09-06', '17:28:08', 1, 2, 347956542934);
insert into Checkin_log (date, time, mask, camera_id, student_id) values ('2021-01-09', '2:32:22', 1, 1, 682400856454);
insert into Checkin_log (date, time, mask, camera_id, student_id) values ('2021-08-31', '0:45:27', 1, 2, 453422820334);
insert into Checkin_log (date, time, mask, camera_id, student_id) values ('2021-12-27', '16:42:05', 0, 2, 474000431044);
insert into Checkin_log (date, time, mask, camera_id, student_id) values ('2021-01-22', '22:28:18', 0, 2, 474000431044);
insert into Checkin_log (date, time, mask, camera_id, student_id) values ('2021-03-18', '9:30:20', 1, 2, 1332566121);
insert into Checkin_log (date, time, mask, camera_id, student_id) values ('2021-10-02', '23:35:05', 1, 2, 347956542934);
insert into Checkin_log (date, time, mask, camera_id, student_id) values ('2021-06-03', '6:32:01', 1, 2, 445611140584);
insert into Checkin_log (date, time, mask, camera_id, student_id) values ('2021-10-11', '10:01:36', 0, 1, 977405602880);
insert into Checkin_log (date, time, mask, camera_id, student_id) values ('2021-04-09', '16:48:42', 0, 1, 474000431044);
insert into Checkin_log (date, time, mask, camera_id, student_id) values ('2021-06-10', '23:52:04', 1, 2, 1332566121);
insert into Checkin_log (date, time, mask, camera_id, student_id) values ('2021-12-25', '11:22:33', 0, 1, 977405602880);
insert into Checkin_log (date, time, mask, camera_id, student_id) values ('2021-12-22', '4:09:19', 1, 2, 1332566121);
insert into Checkin_log (date, time, mask, camera_id, student_id) values ('2021-03-09', '21:11:47', 1, 1, 811298185991);
insert into Checkin_log (date, time, mask, camera_id, student_id) values ('2021-12-03', '7:57:29', 0, 1, 667752773307);
insert into Checkin_log (date, time, mask, camera_id, student_id) values ('2021-03-26', '13:49:30', 0, 2, 811298185991);
insert into Checkin_log (date, time, mask, camera_id, student_id) values ('2021-07-27', '10:23:57', 0, 2, 117117749867);
insert into Checkin_log (date, time, mask, camera_id, student_id) values ('2021-01-17', '4:05:24', 0, 1, 474000431044);
insert into Checkin_log (date, time, mask, camera_id, student_id) values ('2021-06-08', '4:55:38', 0, 2, 474000431044);
insert into Checkin_log (date, time, mask, camera_id, student_id) values ('2021-07-28', '5:01:59', 1, 1, 453422820334);
insert into Checkin_log (date, time, mask, camera_id, student_id) values ('2021-11-16', '16:13:52', 1, 2, 117117749867);
insert into Checkin_log (date, time, mask, camera_id, student_id) values ('2021-04-23', '22:04:18', 1, 1, 445611140584);
insert into Checkin_log (date, time, mask, camera_id, student_id) values ('2021-07-26', '0:39:50', 1, 2, 347956542934);
insert into Checkin_log (date, time, mask, camera_id, student_id) values ('2021-02-08', '19:35:17', 1, 2, 999674041250);
insert into Checkin_log (date, time, mask, camera_id, student_id) values ('2021-12-14', '17:00:11', 0, 1, 474000431044);
insert into Checkin_log (date, time, mask, camera_id, student_id) values ('2021-04-11', '7:26:44', 0, 1, 619301315734);
insert into Checkin_log (date, time, mask, camera_id, student_id) values ('2021-12-19', '10:34:24', 1, 1, 474000431044);
insert into Checkin_log (date, time, mask, camera_id, student_id) values ('2021-12-25', '14:18:44', 1, 1, 667752773307);
insert into Checkin_log (date, time, mask, camera_id, student_id) values ('2021-08-09', '21:09:07', 1, 1, 453422820334);
insert into Checkin_log (date, time, mask, camera_id, student_id) values ('2021-09-07', '22:32:35', 0, 1, 999674041250);
insert into Checkin_log (date, time, mask, camera_id, student_id) values ('2021-06-15', '3:48:03', 1, 1, 619301315734);
insert into Checkin_log (date, time, mask, camera_id, student_id) values ('2021-12-12', '23:09:48', 1, 2, 682400856454);
insert into Checkin_log (date, time, mask, camera_id, student_id) values ('2021-09-11', '19:43:42', 0, 2, 1332566121);
insert into Checkin_log (date, time, mask, camera_id, student_id) values ('2021-08-16', '17:54:43', 1, 1, 811298185991);
insert into Checkin_log (date, time, mask, camera_id, student_id) values ('2021-02-12', '21:48:45', 1, 1, 619301315734);
insert into Checkin_log (date, time, mask, camera_id, student_id) values ('2021-05-07', '14:26:01', 1, 2, 117117749867);
insert into Checkin_log (date, time, mask, camera_id, student_id) values ('2021-04-19', '16:28:20', 1, 2, 977405602880);
insert into Checkin_log (date, time, mask, camera_id, student_id) values ('2021-11-20', '11:33:59', 0, 2, 1332566121);
insert into Checkin_log (date, time, mask, camera_id, student_id) values ('2021-02-24', '23:13:31', 1, 2, 977405602880);
insert into Checkin_log (date, time, mask, camera_id, student_id) values ('2021-04-08', '19:56:36', 0, 2, 453422820334);
insert into Checkin_log (date, time, mask, camera_id, student_id) values ('2021-12-29', '15:40:18', 1, 2, 474000431044);
insert into Checkin_log (date, time, mask, camera_id, student_id) values ('2021-03-12', '6:58:48', 0, 1, 977405602880);
insert into Checkin_log (date, time, mask, camera_id, student_id) values ('2021-11-07', '12:42:03', 1, 1, 999674041250);
insert into Checkin_log (date, time, mask, camera_id, student_id) values ('2021-10-29', '11:31:56', 0, 2, 619301315734);
insert into Checkin_log (date, time, mask, camera_id, student_id) values ('2021-02-18', '14:44:23', 1, 2, 619301315734);
insert into Checkin_log (date, time, mask, camera_id, student_id) values ('2021-11-11', '7:25:37', 1, 1, 811298185991);
insert into Checkin_log (date, time, mask, camera_id, student_id) values ('2021-03-20', '11:24:04', 0, 2, 999674041250);
insert into Checkin_log (date, time, mask, camera_id, student_id) values ('2021-04-17', '1:22:06', 1, 1, 453422820334);
insert into Checkin_log (date, time, mask, camera_id, student_id) values ('2021-08-12', '12:33:17', 0, 1, 453422820334);
insert into Checkin_log (date, time, mask, camera_id, student_id) values ('2021-02-20', '22:29:19', 1, 2, 474000431044);
insert into Checkin_log (date, time, mask, camera_id, student_id) values ('2021-10-08', '12:27:24', 1, 1, 682400856454);
insert into Checkin_log (date, time, mask, camera_id, student_id) values ('2021-04-14', '16:07:40', 0, 2, 999674041250);
insert into Checkin_log (date, time, mask, camera_id, student_id) values ('2021-10-03', '6:19:58', 1, 1, 667752773307);
insert into Checkin_log (date, time, mask, camera_id, student_id) values ('2021-07-10', '16:48:47', 1, 1, 474000431044);
insert into Checkin_log (date, time, mask, camera_id, student_id) values ('2021-06-02', '11:48:51', 1, 1, 1332566121);
insert into Checkin_log (date, time, mask, camera_id, student_id) values ('2021-01-20', '20:07:40', 0, 2, 453422820334);
insert into Checkin_log (date, time, mask, camera_id, student_id) values ('2021-07-03', '15:00:09', 1, 2, 1332566121);
insert into Checkin_log (date, time, mask, camera_id, student_id) values ('2021-07-02', '6:06:52', 0, 2, 999674041250);
insert into Checkin_log (date, time, mask, camera_id, student_id) values ('2021-12-04', '11:38:19', 0, 2, 999674041250);
insert into Checkin_log (date, time, mask, camera_id, student_id) values ('2021-04-30', '22:30:34', 1, 1, 619301315734);
insert into Checkin_log (date, time, mask, camera_id, student_id) values ('2021-11-12', '22:42:31', 0, 2, 667752773307);
insert into Checkin_log (date, time, mask, camera_id, student_id) values ('2021-03-22', '21:30:58', 0, 2, 619301315734);
insert into Checkin_log (date, time, mask, camera_id, student_id) values ('2021-07-03', '6:39:50', 0, 2, 1332566121);
insert into Checkin_log (date, time, mask, camera_id, student_id) values ('2021-09-13', '22:56:18', 0, 2, 667752773307);
insert into Checkin_log (date, time, mask, camera_id, student_id) values ('2021-07-02', '7:53:43', 1, 2, 453422820334);
insert into Checkin_log (date, time, mask, camera_id, student_id) values ('2021-10-26', '9:00:08', 1, 2, 619301315734);
insert into Checkin_log (date, time, mask, camera_id, student_id) values ('2021-02-05', '11:27:31', 0, 2, 117117749867);
insert into Checkin_log (date, time, mask, camera_id, student_id) values ('2021-03-12', '16:24:45', 1, 1, 619301315734);
insert into Checkin_log (date, time, mask, camera_id, student_id) values ('2022-01-04', '9:54:55', 1, 1, 453422820334);
insert into Checkin_log (date, time, mask, camera_id, student_id) values ('2021-11-27', '13:28:32', 1, 1, 682400856454);
insert into Checkin_log (date, time, mask, camera_id, student_id) values ('2021-06-23', '20:09:01', 0, 2, 474000431044);
insert into Checkin_log (date, time, mask, camera_id, student_id) values ('2021-02-25', '10:31:50', 1, 2, 667752773307);
insert into Checkin_log (date, time, mask, camera_id, student_id) values ('2021-11-27', '12:17:06', 1, 1, 811298185991);
insert into Checkin_log (date, time, mask, camera_id, student_id) values ('2021-09-12', '0:46:51', 1, 1, 1332566121);